in_spotify_playlists,in_spotify_charts,streams,bpm,danceability_%,valence_%,energy_%,acousticness_%,liveness_%
553,147,141381703,125,80,89,83,31,8
1474,48,133716286,92,71,61,74,7,10
1397,113,140003974,138,51,32,53,17,31
7858,100,800840817,170,55,58,72,11,11
3133,50,303236322,144,65,23,80,14,11
2186,91,183706234,141,92,66,58,19,8
3090,50,725980112,148,67,83,76,48,8
714,43,58149378,100,67,26,71,37,11
1096,83,95217315,130,85,22,62,12,28
2953,44,553634067,170,81,56,48,21,8
2876,40,505671438,83,57,56,72,23,27
422,55,58255150,150,78,52,82,18,15
12211,115,1316855716,118,71,65,68,6,3
3528,98,387570742,130,51,32,43,83,9
23575,130,2513188493,174,52,66,73,34,31
8109,77,1163093654,89,64,43,73,5,16
2942,77,496795686,120,78,76,59,43,34
873,104,30546883,78,44,14,9,96,10
2610,40,335222234,100,86,67,66,14,12
596,68,363369738,120,63,36,73,0,36
332,26,86444842,140,65,87,74,22,42
516,38,52135248,123,69,82,76,6,6
12859,110,1297026226,135,48,44,42,12,11
1313,40,200647221,133,85,81,67,26,12
1945,87,115364561,99,85,83,68,7,36
250,26,78300654,130,79,96,86,9,9
7112,77,899183384,107,80,82,80,43,14
859,40,61245289,122,81,74,71,14,56
2420,19,429829812,204,52,52,68,46,15
2988,101,127408954,110,67,78,85,2,33
864,78,22581161,126,74,35,84,0,11
266,34,52294266,168,56,63,87,39,11
6036,88,843957510,98,71,17,61,36,8
9082,56,999748277,97,64,51,63,12,19
4284,49,618990393,180,72,61,63,67,9
1150,31,123122413,120,81,63,68,11,11
672,34,188933502,150,61,39,73,37,11
11434,53,1355959075,96,75,57,68,9,13
7830,42,786181836,95,60,48,79,0,12
584,28,176553476,125,79,96,85,27,11
692,25,354495408,144,56,84,65,23,10
24094,78,2808096550,90,76,91,50,54,7
12482,80,1109433169,128,56,38,97,4,35
13387,64,1047101291,79,56,58,56,37,11
1117,80,65156199,144,77,75,58,52,23
3372,19,570515054,122,67,49,64,10,10
8431,76,1085685420,140,71,82,81,11,6
2483,59,1647990401,134,59,51,52,9,15
29536,79,2565529693,186,68,49,59,16,13
3408,47,518745108,67,53,50,53,23,44
1298,38,107753850,106,72,17,64,7,10
4277,66,177740666,128,60,23,91,0,12
1133,39,153372011,107,92,55,70,18,15
2259,59,57876440,130,67,96,88,12,8
18371,83,1813673666,123,45,13,54,70,9
43899,69,3703895074,171,50,38,80,0,9
2649,42,256483385,137,64,88,72,51,17
6804,45,1214083358,125,84,85,68,58,22
525,41,16011326,128,86,42,72,59,9
7923,29,812019557,130,61,53,58,55,27
731,15,111947664,130,86,59,96,50,9
5184,41,156338624,133,70,86,81,25,25
3107,39,720434240,101,88,72,59,62,9
4053,50,357925728,95,77,53,64,74,17
4637,38,674072710,98,90,40,59,0,10
31358,43,1755214421,173,43,28,66,0,23
3818,23,404562836,90,64,10,62,7,48
3506,56,373199958,198,59,71,42,55,10
410,36,14780425,140,56,48,73,0,35
148,24,39578178,82,51,22,53,1,15
1004,35,54266102,130,77,84,89,17,43
22543,63,2557975762,81,76,53,53,44,9
4511,36,751134527,94,51,14,59,65,25
16413,61,2282771485,124,61,41,81,5,10
8506,45,1356565093,128,62,55,78,1,23
33898,62,1592909789,138,49,42,62,9,11
3246,23,635412045,132,58,27,48,50,12
8576,42,1230675890,131,71,24,47,1,27
3618,38,585695368,168,78,58,73,5,10
370,20,43857627,98,68,40,79,33,30
31123,55,2009094673,102,48,50,73,43,15
2790,30,600976848,101,34,32,57,78,20
267,9,39709092,130,63,36,34,76,35
139,17,39228929,142,50,20,64,1,12
17050,36,2665343922,170,59,48,76,4,10
2114,44,223633238,124,78,70,68,3,11
17836,53,2887241814,110,50,45,41,75,11
8870,43,1440757818,92,91,43,71,9,9
6060,53,165484133,116,82,40,66,39,25
641,50,58054811,129,63,84,82,70,9
1446,12,157058870,98,71,67,60,19,12
804,25,95131998,172,74,76,76,6,10
1962,38,250305248,150,68,14,76,4,10
4875,23,685032533,136,62,19,53,11,6
31,39,38411956,88,53,34,47,9,83
2175,23,144565150,143,83,69,44,15,10
2000,46,127567540,100,49,17,35,71,11
2839,25,399686758,143,56,39,55,14,11
20333,52,983637508,112,56,24,66,7,12
674,47,118482347,93,62,57,59,3,38
8448,23,882831184,206,43,50,55,50,15
2110,58,286400165,88,68,17,71,15,11
2528,39,172825906,170,50,37,90,0,12
12985,61,1241559043,84,62,24,67,21,13
77,35,29562220,134,81,53,72,51,12
266,27,77309611,158,54,50,40,61,10
21097,52,1605224506,116,80,92,80,4,10
3423,21,1116995633,117,61,45,69,2,9
4198,44,838079900,114,77,65,72,2,7
14739,43,1163620694,108,61,47,68,0,13
26792,32,1093605526,144,74,37,53,7,21
213,6,179659294,130,51,18,44,76,11
58,18,39058561,116,77,79,62,33,15
99,15,36912123,121,65,49,78,0,17
41751,25,1205951614,112,64,54,81,36,11
21164,36,1791000570,100,70,47,52,30,6
2988,59,201660859,150,55,30,78,24,12
893,38,248088961,120,84,96,71,18,34
1094,34,90839753,127,82,89,85,4,23
7324,22,607123776,90,51,42,61,53,9
201,11,55842345,128,75,79,63,33,15
5120,48,211050784,143,64,31,87,4,8
2346,27,342897938,139,74,68,68,3,26
763,26,2762,162,49,78,64,19,11
457,24,330346424,92,81,39,60,31,7
3430,38,601863821,95,87,57,55,10,29
6074,52,1953533826,146,63,88,93,3,10
21915,34,2322580122,95,55,56,82,12,34
15032,30,2355719893,115,35,12,30,93,10
871,32,66902503,128,78,59,65,10,26
451,33,96273746,130,82,69,83,3,27
1783,27,430977451,127,80,74,77,36,11
9389,46,284819874,150,42,20,86,21,9
5724,44,721975598,122,78,50,63,27,9
13985,25,1217120710,140,52,20,85,0,7
1051,16,109276132,140,63,22,54,46,12
1682,46,276259178,119,75,48,53,18,18
182,8,54225632,110,76,96,72,32,9
16596,13,2559529074,95,60,17,45,16,11
2335,23,681583126,132,56,20,55,45,32
18986,23,2594040133,125,77,74,78,4,23
283,7,81102253,124,84,65,50,67,13
293,8,11956641,133,93,68,65,42,12
21081,43,1687664027,112,92,67,66,0,36
437,31,11599388,97,79,92,89,5,6
1275,32,611700552,90,59,52,48,38,10
6135,38,1133865788,80,65,27,69,8,53
20015,16,1089402494,172,45,33,59,6,8
1507,14,411747614,120,60,24,35,73,31
539,21,255932395,140,74,96,80,18,5
86,8,31873544,128,81,90,77,1,9
324,14,95053634,122,78,70,81,57,10
17138,37,1279434863,130,47,86,92,8,5
894,9,233801632,160,69,61,71,33,31
1622,9,1481349984,144,73,87,70,6,28
561,14,142095275,192,50,85,52,11,28
5871,27,618885532,163,54,40,67,0,9
29215,43,2011464183,122,66,48,71,6,12
5866,24,1167330737,154,61,41,74,21,40
3859,26,929964809,117,73,31,69,6,11
961,26,436027885,138,78,89,83,10,12
6457,18,657723613,96,86,74,80,33,8
43257,24,2713922350,104,77,36,63,1,36
4564,16,621660989,164,45,24,62,8,16
12688,13,1591223784,118,68,61,82,2,50
13801,19,950906471,81,68,51,60,3,19
22439,19,1593270737,117,82,73,45,54,7
18515,35,1410088830,174,45,10,37,97,64
36843,21,1235005533,128,73,60,77,3,11
2420,11,1661187319,145,60,43,27,94,14
5897,19,1374581173,150,65,51,55,73,14
727,16,94186466,90,60,13,53,4,21
33783,26,1788326445,85,55,42,53,17,22
26694,13,1840364617,180,33,38,71,20,28
356,16,143573775,166,57,84,94,11,37
6518,17,684675814,160,71,40,50,16,16
21335,13,1113838873,160,65,95,80,5,41
23389,29,1267333350,92,70,81,63,4,8
3202,18,726307468,170,56,53,64,11,45
32181,10,3562543890,96,83,93,65,58,9
7124,18,1131090940,120,67,40,52,86,12
592,14,307370144,98,70,37,54,6,9
36724,7,1271293243,92,53,12,34,1,12
794,10,265882712,150,34,24,56,4,11
13091,17,841749534,94,37,17,47,2,11
67,8,47956378,90,74,36,63,26,27
21574,30,806397070,160,54,54,55,67,42
19664,16,2132335812,120,70,59,75,24,9
21106,13,1641426668,109,63,46,85,1,9
23804,31,2135158446,129,57,41,66,63,12
849,22,367316268,157,54,75,60,30,7
2619,12,350381515,130,63,49,73,5,9
9037,42,1264310836,107,65,19,72,10,13
86,11,30343206,146,50,67,89,0,19
1788,14,405136812,139,48,37,41,32,10
15890,14,1145727611,116,74,76,70,7,13
492,36,540654286,95,84,52,77,12,7
773,33,57312735,170,62,55,80,15,37
1154,22,397582059,134,81,18,64,3,10
44927,17,1479115056,84,57,86,90,2,9
551,4,86773632,146,61,20,48,21,12
577,14,133753727,74,53,24,67,11,10
955,29,123124076,144,75,35,48,84,10
995,19,463564958,136,77,79,73,15,27
178,6,64533040,100,56,53,55,53,12
290,19,65496046,105,89,67,78,9,7
547,0,68616963,106,67,24,78,15,30
681,10,161460990,132,85,53,68,40,9
332,5,70106975,120,78,5,30,21,13
1197,13,113509496,155,82,51,39,2,9
262,5,89933133,129,70,42,43,78,11
161,6,71007139,135,80,85,74,62,8
185,3,43522589,98,73,45,62,28,13
839,18,232896922,124,84,64,39,3,11
259,0,37126685,135,77,28,55,18,22
2915,30,195576623,107,78,39,53,30,11
5129,25,532336353,96,54,25,74,14,9
3794,34,538115192,123,71,58,70,30,32
588,0,46142772,90,62,7,62,6,58
2959,16,401036314,117,72,45,59,14,20
291,8,127026613,133,78,90,84,31,7
2321,36,345031710,96,74,61,83,11,35
536,10,288101651,149,66,85,60,40,14
359,2,60350538,110,66,32,40,81,11
4096,6,335074782,105,95,62,52,3,5
349,69,76767396,105,80,69,78,28,11
381,5,46065667,134,76,61,58,6,16
2461,36,459276435,170,71,59,56,4,27
277,1,39666245,81,59,26,60,46,25
967,5,138517666,154,63,75,92,31,91
8186,12,822633917,169,69,69,51,63,38
7842,10,595900742,115,78,64,69,4,7
215,6,51985779,84,43,14,74,1,19
1134,22,57945987,93,79,58,62,11,11
1305,34,115010040,91,82,47,62,10,10
2066,6,175097833,142,82,54,44,6,33
896,0,57089066,126,78,20,70,1,16
3763,8,488386797,97,73,10,44,26,16
197,0,32761689,101,92,59,51,41,26
4004,33,1047480053,98,80,23,48,14,6
984,5,153454328,154,59,63,89,18,80
1240,24,217672943,120,91,63,58,52,31
3995,13,457184829,150,49,4,55,7,6
7681,13,939844851,174,47,27,78,11,10
4427,4,726434358,202,34,25,51,69,18
4657,18,573633020,153,56,42,52,5,36
10195,20,1406111294,142,60,13,37,58,13
269,4,71573339,108,84,55,47,26,20
214,0,24975653,143,83,25,69,4,23
845,2,145458418,108,67,55,67,60,80
20763,27,1424589568,104,95,78,66,3,4
1267,20,231332117,93,84,96,79,43,18
2585,32,415932686,105,65,46,53,16,9
6330,6,988515741,170,44,27,32,89,14
675,1,50847624,178,62,56,66,18,12
715,0,39893489,176,50,44,76,10,32
327,13,92035115,104,80,38,88,11,11
244,12,118810253,85,70,83,84,31,47
385,4,77233241,117,77,69,58,39,26
1020,35,206399629,80,52,57,48,86,15
1730,3,117747907,98,44,36,41,50,38
2127,33,266624541,178,79,58,78,34,11
3242,9,293186992,148,51,27,33,48,22
526,10,139681964,120,77,94,66,65,38
366,15,123132751,122,68,38,88,1,8
472,2,103762518,144,74,75,73,42,9
432,12,162887075,96,93,47,47,33,10
271,12,91221625,137,77,35,88,16,17
816,4,190490915,121,94,71,61,12,53
1169,0,96180277,119,60,10,57,1,50
1282,6,185240616,96,72,40,47,71,13
6587,34,885093467,111,87,53,52,66,11
1444,4,104992946,148,90,74,68,14,10
356,10,147290338,182,57,80,59,8,6
10147,30,1302184087,141,79,82,86,28,4
265,6,158950978,145,76,80,81,19,6
351,9,76910644,110,76,26,70,1,41
158,4,137123880,134,70,35,41,41,10
7613,33,782369383,130,92,78,62,18,6
3956,6,502574952,145,84,88,53,35,8
1638,10,207033255,130,69,36,90,1,15
924,18,404887295,173,59,69,53,12,23
1985,35,381161027,92,75,55,76,25,10
6339,13,466231982,105,56,57,87,0,10
1561,24,357580552,175,59,15,64,43,12
875,4,61105704,120,80,33,70,22,9
406,5,198275403,139,70,77,48,37,12
340,13,168448603,132,59,56,82,12,12
4188,15,705469769,114,32,17,74,14,17
105,0,34502215,145,54,19,48,36,37
1524,17,482175240,110,82,67,69,0,18
2651,30,304118600,94,89,61,66,17,36
11087,6,1449799467,134,45,17,60,21,33
373,19,173627354,120,62,32,76,0,39
200,4,90025258,123,70,86,68,24,11
3741,17,652704649,131,77,84,71,35,15
32502,21,1829992958,171,70,6,73,1,36
7615,14,655466831,130,80,64,76,2,20
1208,34,146409671,94,82,53,67,34,9
209,4,95816024,89,73,44,57,39,32
1235,9,117206995,87,65,71,56,4,15
654,3,100409613,124,72,79,78,55,15
1479,0,80758350,78,71,80,65,51,22
4942,26,325592432,120,70,70,79,7,18
709,0,58473276,96,48,50,80,40,37
660,0,52722996,106,73,22,86,31,12
489,17,191945597,170,78,75,46,62,12
407,0,77377503,134,67,11,76,8,30
7461,8,743693613,115,71,90,73,30,11
993,4,267789608,130,74,79,87,45,30
9161,5,1221813483,118,65,63,79,3,10
3282,12,449701773,110,59,22,38,42,12
596,0,67070410,100,72,42,66,18,19
320,6,116334601,142,70,76,79,26,11
2612,4,433356509,140,64,18,37,72,12
2040,4,165584767,116,90,96,73,62,9
2128,9,367814306,120,73,64,85,25,61
2598,37,477033549,92,76,46,79,31,7
542,2,156214700,110,81,64,79,5,31
2459,20,448843705,120,71,57,97,1,13
10624,17,1357608774,80,63,40,61,9,56
2418,26,294352144,115,95,43,69,47,9
7536,7,972164968,76,58,46,67,65,13
10431,7,920045682,172,60,77,78,45,12
15722,16,2420461338,99,40,45,56,69,9
25744,4,1947371785,136,36,12,57,9,14
1640,0,244658767,150,90,64,14,67,11
34,0,68216992,92,71,41,31,79,10
1845,16,223582566,95,77,72,87,17,7
3301,30,471819764,102,83,58,83,21,10
1911,0,272377463,145,70,34,55,43,16
20111,5,1361425037,110,50,24,86,0,64
1529,0,149778242,95,64,30,77,46,38
615,2,116599790,94,68,81,82,53,9
811,4,148469433,142,61,92,91,0,26
5730,10,497225336,145,59,20,74,1,15
356,4,88791109,121,64,67,80,0,36
604,6,125917280,140,66,43,76,49,12
1190,0,105062254,137,84,44,67,8,11
579,0,95623148,104,56,72,85,0,15
1553,2,144584800,92,57,68,76,7,33
2301,20,298063749,146,74,51,45,86,21
134,4,166570053,120,56,20,43,89,12
430,0,83021468,144,68,83,81,9,8
86,0,139836056,94,59,44,56,80,6
629,14,303216294,94,73,65,79,5,11
1701,15,221409663,113,79,66,74,8,11
329,0,58890931,148,50,49,76,12,12
1168,0,81419389,98,70,29,73,12,11
162,6,156777415,140,58,26,38,91,10
2536,6,284908316,100,36,28,28,81,18
387,11,93438910,140,86,68,79,39,11
892,17,363472647,100,59,78,94,27,29
3909,0,372476382,100,59,49,65,2,13
3645,15,380726517,132,87,82,70,42,21
282,0,56533272,142,49,48,67,10,26
888,22,175399345,176,72,96,63,25,21
968,4,203221468,140,53,51,70,49,14
25065,6,1624165576,105,55,40,90,1,32
531,4,134294498,135,81,97,77,75,35
242,0,70069745,128,82,61,59,30,12
5281,14,609293408,101,74,43,69,12,12
2590,30,671365962,122,88,43,50,7,14
1769,34,362361576,105,76,49,56,80,10
454,4,93587665,83,53,40,36,73,11
6180,7,1223481149,77,72,59,76,24,42
3600,11,1022258230,140,75,18,25,78,11
1254,6,263453310,158,65,72,95,31,92
6398,31,1435127549,176,75,43,65,15,11
660,15,236857112,98,73,88,57,56,5
1283,0,147538971,107,66,47,40,72,11
8084,6,698086140,109,66,16,57,10,12
2332,2,723894473,109,84,72,74,10,34
203,0,34450974,148,53,61,81,5,36
685,14,403097450,158,60,52,76,17,19
2460,13,309483971,94,74,64,73,6,10
288,6,319566866,96,70,40,51,35,10
4572,33,909001996,100,80,29,67,29,12
6127,13,1061966512,105,58,42,68,1,14
166,0,32526947,125,53,32,66,38,9
1838,0,124988687,170,56,56,63,13,19
1890,0,103787664,115,70,84,90,17,41
2098,16,134255790,122,64,25,89,0,15
761,12,301051721,105,88,82,80,8,11
1225,0,156338624,133,66,74,84,25,21
415,2,152850295,100,79,60,68,7,26
3469,0,309653982,120,82,55,45,15,9
3311,0,297328960,177,25,17,30,90,13
2616,0,332506354,142,64,31,72,15,9
3006,16,480507035,144,57,47,84,1,52
4260,0,1065580332,120,65,80,86,9,19
482,0,122763672,135,92,73,51,55,15
4013,10,445763624,107,81,82,78,38,12
138,4,1365184,105,82,62,74,10,33
1368,0,184308753,108,44,38,77,9,9
17852,4,789753877,147,51,62,79,22,14
889,20,323358833,115,71,34,88,16,44
4796,9,606361689,174,70,57,64,23,8
658,6,120972253,90,68,83,71,3,31
3009,2,338564981,141,41,9,25,84,14
17492,3,1606986953,82,68,50,49,56,8
6170,7,1301799902,92,47,25,43,62,32
130,4,140187018,116,77,65,80,6,15
27705,10,1897517891,124,79,59,86,4,8
359,0,107642809,125,71,83,89,1,17
1963,16,551305895,90,80,71,69,2,27
5491,14,556585270,83,46,34,64,31,7
27119,0,2303033973,124,79,68,79,1,10
1776,14,646886885,140,58,4,60,7,8
1473,4,222612678,154,64,61,91,15,72
13315,0,1814349763,150,74,89,70,2,5
4057,8,872137015,186,41,9,61,2,12
3045,6,571386359,166,40,23,48,5,12
3006,12,304079786,107,87,20,83,0,31
852,0,174006928,87,87,52,52,31,28
2163,15,284785823,82,40,39,64,21,7
1484,0,163284000,114,46,60,28,91,21
1703,0,246390068,148,47,15,52,38,29
4169,44,482257456,140,91,97,57,38,40
1054,0,168684524,101,90,76,81,15,33
2849,0,78489819,140,81,6,84,5,6
1602,0,195516622,88,49,24,66,19,18
9644,28,1260594497,180,64,44,65,28,14
4827,0,428685680,133,95,91,89,6,31
21811,0,1024858327,108,63,20,55,72,6
168,0,838586769,80,39,24,43,39,23
688,0,199386237,75,80,46,62,3,11
10565,44,972509632,121,67,26,64,52,17
1612,0,213438580,140,58,17,62,18,20
12755,8,1555511105,126,81,59,90,5,36
574,4,210038833,102,58,29,94,0,9
2499,0,227918678,82,70,31,34,60,11
10426,2,826623384,121,46,53,78,23,72
15894,8,1802514301,103,70,92,83,1,7
9424,0,1329090101,108,82,88,76,9,12
713,7,181831132,85,65,36,47,31,12
7758,28,462791599,125,84,70,69,1,5
2537,2,348647203,120,69,40,39,41,13
292,6,366599607,94,58,44,57,57,10
323,0,90598517,130,65,49,80,22,7
14143,4,1479264469,110,74,51,74,2,29
25653,0,1449779435,150,34,33,63,16,7
22153,0,1159176109,107,74,88,65,28,46
14994,0,769213520,140,70,85,41,71,45
10326,0,741301563,119,74,78,37,84,6
12353,0,807561936,93,35,38,23,91,29
9408,0,834129063,133,46,53,63,5,30
8879,0,663832097,202,24,76,60,77,12
6512,0,446390129,134,45,72,24,91,18
5140,0,690104769,105,72,33,51,48,9
6596,0,485285717,160,51,69,81,0,21
3788,0,520034544,148,50,96,82,47,34
7655,0,476244795,151,65,70,47,87,9
9577,0,629173063,162,67,88,54,51,9
10114,0,404664135,92,53,84,77,40,32
1007,0,98709329,152,65,35,65,44,21
1127,0,110849052,65,71,55,26,85,13
10829,0,460492795,147,33,39,61,32,77
1042,0,94005786,150,73,71,69,53,32
7930,0,395591396,140,67,81,36,64,15
11500,0,389771964,139,36,22,15,84,11
1685,0,403939487,95,75,74,58,36,9
14169,0,481697415,115,60,23,57,0,27
1634,0,110073250,125,62,59,43,84,11
906,0,88092256,76,60,19,20,78,11
1087,0,351636786,101,72,91,87,14,13
10585,0,473248298,143,60,86,32,88,34
827,0,73981293,119,51,51,66,67,9
1420,4,155653938,78,67,22,59,76,15
11940,0,395591396,96,23,19,25,91,40
888,0,429504768,180,51,87,58,36,18
9122,0,242767149,126,34,35,76,39,8
892,0,65362788,150,43,42,44,57,15
989,0,67540165,90,53,47,74,9,34
819,0,62019074,160,72,78,68,28,11
2209,0,135723538,114,59,60,94,24,10
6290,0,295998468,113,73,72,32,77,15
6952,0,261116938,147,67,69,72,17,19
313,2,136689549,100,70,92,59,3,10
353,2,135611421,155,49,42,77,3,12
4094,0,356709897,107,54,41,39,51,11
880,0,110649992,112,80,15,54,9,38
573,0,301869854,166,70,57,57,9,11
3299,0,127027715,107,69,96,36,81,8
811,0,57144458,81,47,33,68,24,22
899,0,56870689,150,79,77,46,5,11
2415,0,323437194,110,66,19,32,69,12
2304,0,317726339,108,64,4,40,6,10
1003,0,116144341,130,89,48,74,30,7
2699,0,328207708,164,70,39,56,6,9
2482,20,608228647,114,80,42,68,2,66
2577,0,180577478,93,63,93,88,1,12
6821,34,809306935,90,87,51,69,36,9
714,0,49262961,128,45,35,68,78,39
3185,4,614555082,97,83,47,80,2,24
8612,0,245350949,152,69,94,71,79,7
4326,0,178660459,175,51,94,34,73,10
680,0,51641685,116,61,48,55,67,16
398,0,78139948,80,33,51,59,76,44
3328,13,322336177,93,63,34,86,26,21
7215,0,1007612429,122,70,42,54,30,37
4440,0,326792833,122,70,91,79,3,7
2881,6,391251368,135,70,60,58,4,16
2235,0,349585590,109,60,45,47,62,31
3711,0,339659802,93,65,82,74,27,32
12403,0,674772936,125,85,64,81,2,7
2785,0,432719968,206,58,83,45,36,11
14114,17,1309887447,130,76,44,77,1,13
1915,0,119238316,121,80,62,51,2,9
2297,0,116903579,123,74,35,73,0,21
4375,0,888046992,122,67,50,67,15,30
2800,0,200660871,143,53,50,79,0,8
2597,0,130655803,121,70,35,77,1,26
15563,6,1887039593,166,56,68,66,28,11
1420,0,88103848,135,41,27,64,36,60
1292,0,101114984,87,49,49,59,44,35
15867,0,1575467011,111,77,74,66,30,13
1178,0,91656026,110,75,85,84,10,31
6672,0,1042568408,130,66,19,61,30,9
12329,0,1735441776,179,61,76,51,30,38
5669,2,726837877,93,74,53,73,61,13
811,0,53933526,78,27,10,49,62,49
1756,0,267758538,180,65,37,58,2,4
1014,0,74601456,86,28,13,41,50,19
7963,0,920797189,88,74,55,85,1,5
4771,0,539595276,97,68,72,78,4,7
8559,0,1367810478,134,71,59,80,13,36
3221,2,578207856,116,75,36,76,12,10
3423,26,775542072,170,64,14,70,9,9
2566,13,863625566,140,83,40,55,16,14
9151,6,656013912,118,75,46,76,3,9
8476,0,1056760045,65,31,31,24,76,14
7495,17,611994237,120,56,16,67,0,11
5257,6,1230855859,176,29,12,33,68,12
1795,0,582981380,180,59,69,61,84,46
12685,3,1858144199,144,59,21,43,76,10
648,1,240684449,133,82,52,61,38,14
4635,5,583687007,93,63,21,52,28,9
1184,0,63803529,122,77,25,62,34,23
4431,0,466214729,88,53,55,73,9,3
759,3,236940480,170,70,61,44,40,37
733,0,41924466,94,46,55,50,71,10
2795,0,225259194,170,65,46,47,12,13
2780,2,393230256,90,79,79,70,57,66
1950,0,287201015,78,40,7,29,62,9
3947,12,599770206,94,57,36,58,5,15
2551,0,342779426,73,83,11,41,0,36
5375,10,673801126,176,73,79,86,42,7
11975,8,1168642797,128,81,57,63,40,10
2696,0,540539717,120,58,44,60,44,5
4963,0,383550148,82,63,85,62,6,35
6734,0,530511203,95,77,40,47,2,9
715,0,37307967,118,44,52,94,11,4
3047,9,510876816,123,75,93,86,8,14
14140,0,1445941661,90,63,49,68,38,42
11215,21,1763363713,110,73,14,57,40,11
1678,12,374191487,96,66,76,82,47,10
2035,0,108809090,88,56,58,55,35,23
2780,2,436695353,98,73,60,85,17,24
4091,0,421040617,110,72,67,68,0,14
2868,0,501541661,80,70,57,49,19,12
3643,0,354065229,110,86,31,53,43,11
4779,6,1143647827,110,79,70,36,0,6
3517,0,311395144,78,77,49,42,1,13
5073,0,672656250,129,83,44,62,2,8
7545,4,1256880657,181,44,22,60,61,42
8528,5,1692897992,114,75,74,77,1,9
2979,0,245095641,144,74,39,65,5,11
7731,2,686734357,101,66,18,68,9,12
1057,0,261414174,84,67,78,63,29,12
3272,19,610045621,154,66,63,69,21,11
14417,0,1115880852,148,59,72,62,18,9
5199,0,594482982,146,85,22,37,13,7
6026,0,566954746,120,77,51,79,20,26
2877,0,BPM110KeyAModeMajorDanceability53Valence75Energy69Acousticness7Instrumentalness0Liveness17Speechiness3,110,53,75,69,7,17
4640,3,374706940,136,77,82,30,95,13
1150,0,184937148,141,59,56,63,12,6
768,0,31959571,108,46,23,48,75,14
925,0,167076418,94,42,47,36,76,9
3006,3,824420218,180,35,41,94,0,5
3098,0,363467642,122,77,51,79,5,16
9771,4,1127468248,85,59,33,52,7,12
807,0,60680939,148,68,29,73,0,7
521,1,247737946,120,83,59,73,6,5
12854,0,1699402402,91,70,76,72,22,27
802,0,154797871,120,72,54,71,26,10
731,0,198883004,106,86,86,79,11,8
788,0,124407432,110,63,31,35,93,29
3069,4,850608354,169,39,36,45,81,8
4651,0,376333030,118,80,21,55,1,26
4999,0,516784627,92,91,79,66,32,9
8327,24,1608045237,112,45,19,60,63,9
3297,3,506778838,140,79,56,91,26,13
35684,6,1472799873,105,73,52,76,13,5
3506,10,513643924,178,76,63,77,14,15
2999,0,261286503,108,96,71,42,57,8
3681,0,783706581,173,40,19,29,86,34
4846,10,422691058,101,67,40,90,3,34
14311,0,1062345656,120,80,24,62,41,11
8207,0,1252563873,144,73,66,80,44,9
4873,0,851070493,133,75,96,61,0,18
772,0,263894529,158,46,62,83,53,97
1150,0,345903614,120,81,92,90,9,8
5398,4,951637566,129,61,59,46,56,13
7370,0,956865266,102,74,45,89,5,26
6890,0,427486004,124,79,79,84,2,5
1966,0,156658366,90,73,31,45,85,11
2226,0,624515457,161,78,65,52,46,12
4204,0,777765388,120,60,11,33,90,8
1959,0,412795151,81,45,12,57,7,23
7191,0,1138474110,150,78,47,70,18,15
2012,0,355219175,105,76,58,84,10,13
1211,2,290228626,79,63,76,67,38,6
7109,2,1062956628,146,52,7,61,51,11
6638,0,1180094974,124,64,8,37,79,9
17354,8,1456081449,126,53,66,85,2,24
6392,0,432702334,121,75,53,74,2,11
5481,0,489945871,136,80,33,60,0,32
2636,3,465959382,102,77,26,63,58,11
824,0,1223481149,77,73,54,74,23,41
24529,0,2864791672,98,82,54,59,69,18
14749,0,2288695111,84,44,22,48,38,33
8087,0,720825549,102,89,77,82,3,17
27221,0,2086124197,120,42,33,26,92,13
49991,9,1690192927,117,52,73,91,0,11
6646,0,991336132,72,45,27,33,82,14
5403,6,593917618,168,67,29,47,5,22
755,4,200972675,94,52,68,69,13,33
254,0,71014967,145,41,65,88,0,26
6308,5,560222750,134,71,14,61,1,23
51979,15,1806617704,148,35,24,93,0,10
246,0,77337771,127,60,40,89,9,60
6556,0,528544703,172,74,79,66,11,8
5728,0,865640097,90,75,19,46,21,34
16636,12,2159346687,96,57,30,40,38,26
461,0,211372494,138,74,65,67,46,36
4893,4,651732901,120,72,67,72,0,13
1801,2,608334048,125,70,65,74,1,34
12043,0,863756573,123,82,80,86,1,30
4731,0,797402345,81,79,44,54,41,13
22923,0,1695712020,171,55,10,85,7,8
9974,2,1759567999,91,77,60,32,84,8
1560,0,223319934,84,56,61,76,10,14
620,0,54937991,115,90,74,54,16,13
3270,0,226897599,125,69,70,89,4,49
580,0,258316038,122,80,62,69,28,13
3406,16,596152090,92,85,92,54,16,29
903,0,177129919,90,63,75,75,17,11
6809,28,716591492,94,84,90,70,9,14
33966,0,1210599487,93,81,53,78,18,6
590,5,246376690,130,51,50,76,30,10
3766,0,496311364,180,35,23,61,23,19
1430,0,146789379,134,53,31,31,92,28
31762,0,843309044,95,92,31,89,3,8
4049,0,500340342,184,69,91,63,11,9
2096,0,107255472,147,47,50,80,10,32
1175,0,135079152,123,52,44,60,40,26
29499,11,822239726,123,91,49,61,3,17
30427,7,1202722675,90,90,79,71,26,7
2711,0,343197054,160,61,65,64,1,12
4310,0,240769997,115,60,37,71,8,48
5342,0,426204830,141,37,17,67,2,34
2393,0,421135627,160,31,30,88,7,8
3444,7,554875730,145,57,23,66,4,15
5443,0,467727006,89,46,43,43,23,8
272,4,327498031,95,84,49,72,8,15
975,0,185408548,160,60,47,62,3,38
1034,1,245400167,174,67,74,75,44,7
18773,0,579395142,92,77,76,84,3,38
19067,0,675039469,134,93,61,74,9,17
3541,2,252871192,172,31,4,86,1,28
1492,0,231996128,80,76,92,62,6,8
33206,1,1929770265,150,91,42,60,0,9
17115,0,918915401,80,78,53,74,4,45
6955,0,1180896317,166,81,83,75,14,29
2742,0,498960285,120,67,8,54,27,8
4214,11,685071800,92,86,89,79,17,11
2026,0,258714692,85,74,61,52,30,26
352,0,143139338,154,79,86,52,66,9
1517,0,209768491,92,73,37,74,28,14
847,0,64714573,140,89,75,70,6,13
910,0,50746620,89,65,60,60,11,10
601,0,154119539,135,89,89,86,16,8
1800,0,181328253,140,51,66,53,60,11
1930,0,370068639,82,47,44,76,8,9
33032,0,2280566092,79,78,58,45,47,18
6332,0,563902868,88,31,31,63,47,21
509,9,317622165,139,44,18,38,70,12
971,2,291709698,124,73,68,83,55,90
2578,0,203680270,80,39,45,55,73,9
1064,0,81350745,120,84,54,51,47,12
3618,0,282883169,80,56,19,46,92,11
1040,0,64787943,117,92,62,86,11,24
15010,2,2484812918,117,76,77,52,4,8
4708,0,461437791,140,62,46,73,10,67
13454,1,1439191367,99,68,57,77,2,10
4890,20,759208783,93,74,59,87,3,8
9514,0,368646862,106,44,8,20,74,11
3501,0,299634472,124,81,68,63,17,10
6111,4,756907987,95,76,96,70,18,33
5415,32,682475162,96,87,82,53,10,5
4673,2,546191065,92,81,40,73,15,9
1856,3,229473310,124,95,36,37,35,10
200,2,202677468,72,64,76,44,70,12
1888,0,121913181,71,28,26,20,19,30
911,2,208166039,135,78,55,57,4,10
2954,2,527033089,95,81,56,70,4,5
461,0,94616487,71,59,70,74,56,11
2844,2,394030335,180,80,71,68,6,10
2939,0,193443895,150,65,11,58,0,12
695,11,299648208,189,55,86,44,40,7
328,0,182978249,85,72,55,64,49,7
866,16,319757142,140,59,73,45,44,34
1550,0,109091573,81,77,68,70,6,17
1729,0,153240879,104,80,24,65,2,9
2005,0,346127840,129,42,33,44,62,8
1188,0,312622938,94,76,81,80,20,25
40112,3,2197010679,71,41,23,40,27,30
3659,0,1200808494,146,59,23,46,66,15
9833,0,797196073,103,69,90,88,5,29
50887,34,1970673297,124,53,66,78,0,16
3257,0,665765558,164,70,71,58,24,7
1473,0,263779030,138,69,35,57,12,10
2226,0,339473453,126,67,37,46,13,10
23375,21,2204080728,103,61,47,65,3,17
28032,0,2591224264,95,75,64,52,41,11
290,0,135444283,200,39,28,77,4,6
42798,0,1457139296,129,86,75,52,54,10
2605,0,236872197,98,68,33,43,38,36
8737,0,694525298,107,91,32,56,3,11
1105,0,240661097,174,58,56,83,5,7
2499,21,421365166,92,45,27,67,32,13
2697,1,349746291,90,81,59,83,9,11
2092,0,255120451,147,60,58,69,2,58
1185,0,190981339,143,68,41,55,16,10
11985,0,924193303,101,76,63,71,3,10
753,8,305771063,118,70,54,71,0,33
2995,0,273005485,98,83,63,74,14,16
225,0,89566512,138,72,22,46,24,9
9243,0,677389855,114,59,30,62,1,8
918,0,75476209,180,63,45,64,34,9
1959,9,408843328,145,56,41,57,1,13
540,4,187772591,115,78,63,64,1,7
859,0,178512385,82,79,48,84,13,21
1116,0,101780047,166,70,22,61,2,10
273,2,118381354,92,86,91,79,29,60
686,2,146363130,108,71,55,44,74,11
226,0,126443991,84,71,63,45,45,11
1264,0,157990698,95,69,90,91,6,35
870,0,176290831,135,93,77,45,25,13
7556,0,1023187129,110,57,6,27,84,9
1370,0,106933107,88,89,59,64,5,19
315,2,139193812,119,87,28,50,12,10
651,0,212234990,120,58,71,80,15,7
12382,0,1714490998,122,86,97,80,36,9
625,0,197643795,98,78,83,75,41,27
8429,1,807015863,140,45,25,84,21,13
52898,0,933815613,116,79,87,81,4,10
3436,0,499710590,124,86,62,49,51,35
918,0,120847157,105,91,73,72,13,9
181,0,53909146,118,68,24,58,44,6
18778,3,2236667932,108,61,20,38,61,10
22730,5,2123309722,100,61,53,38,84,28
5542,0,301242089,140,81,39,66,38,12
9021,0,723894473,109,84,72,74,10,34
4627,0,237351106,101,78,40,74,36,17
2229,0,461558540,78,56,61,90,36,18
1112,6,417230415,93,79,22,55,31,12
2575,0,156898322,87,52,32,83,24,17
3107,0,127309180,153,55,50,78,19,11
1179,0,313113297,142,87,93,59,28,17
3486,0,173702135,96,85,41,43,39,12
2942,0,271666301,125,50,39,78,4,11
1443,0,305650299,85,71,43,65,23,9
3028,0,123216717,140,92,78,57,46,14
1796,8,479655659,196,66,58,79,23,22
2729,0,126191104,134,78,51,43,69,14
1195,0,344055883,103,80,45,62,76,10
892,3,338422004,130,82,50,67,12,13
1635,0,68895644,108,65,52,69,31,8
2291,0,86176890,123,61,66,71,53,32
1029,28,403231558,152,84,74,69,21,18
1681,7,319546754,108,78,55,60,59,7
1480,0,61739839,72,56,56,47,76,8
829,0,283359161,121,86,67,65,42,35
2308,0,76831876,138,57,71,82,19,15
1004,1,283332261,188,50,41,50,69,12
1367,0,307752576,110,80,26,85,23,11
1112,3,279737940,105,81,77,79,19,47
1209,0,212351890,118,63,60,70,5,9
9539,15,1304313953,176,61,24,62,60,24
1992,0,150500965,158,83,41,65,0,11
897,0,246127838,115,85,72,58,9,49
2948,0,582863434,110,51,48,82,0,5
1860,0,58687425,174,73,26,54,30,34
802,0,212109195,130,91,91,96,3,3
2224,8,382199619,78,36,30,54,34,14
1103,0,41210087,104,44,74,42,88,9
2265,0,231657891,121,64,80,88,0,12
555,0,53729194,105,83,32,82,14,12
2050,0,244741137,81,38,20,66,9,9
1493,0,42485571,170,37,14,24,80,11
1545,0,37778188,78,43,60,38,76,48
2350,0,254218729,125,88,28,66,6,13
1929,0,53603447,92,66,29,65,23,8
710,4,160035717,140,84,61,42,31,9
928,0,164163229,96,61,32,90,25,10
1194,0,37091576,118,66,83,43,84,19
349,6,284249832,92,71,67,60,7,6
1890,0,33381454,140,49,50,37,87,11
1308,2,184622518,174,68,45,71,18,11
4531,0,300983101,127,77,53,78,19,29
1657,0,121077868,96,71,37,52,62,11
1351,0,106919680,150,82,82,66,13,11
608,0,136996305,100,87,46,60,1,13
1211,0,65719930,105,73,59,81,13,9
629,0,229497852,104,86,43,62,5,13
1301,0,185550869,154,54,45,79,1,17
1329,0,54682594,80,47,33,83,18,10
343,2,240580042,150,53,14,43,64,13
13101,9,1284942608,156,32,49,72,0,9
2939,0,71423324,98,76,79,81,18,6
407,1,244891912,92,58,27,36,86,9
1492,0,132171975,144,47,7,50,32,7
2264,0,184706613,150,37,27,56,8,13
801,0,184826429,138,70,31,44,84,9
829,0,302006641,172,56,68,89,4,33
736,0,330881149,77,72,70,82,2,4
4449,1,334733572,107,72,36,72,26,11
3218,3,366214458,114,51,39,29,90,10
327,0,114546317,117,63,29,51,43,25
2775,0,290833204,146,69,63,45,48,18
4576,0,448500832,160,80,74,60,8,14
2313,0,136676504,120,88,15,56,1,8
3983,0,190625045,100,82,76,70,16,8
279,0,79095270,158,60,68,84,4,24
2302,0,273194684,142,56,40,54,72,10
3559,3,333146475,170,80,77,85,11,17
2129,0,194902696,84,71,39,86,2,51
3291,5,311482393,139,58,30,46,14,9
5328,0,195918494,151,73,88,67,20,32
1401,0,248511839,128,82,42,75,6,63
1933,0,233671263,118,56,20,54,67,6
1986,0,199587884,183,65,88,72,36,20
1057,0,91781263,83,63,29,62,4,18
5115,13,383835984,122,85,42,80,6,17
2094,1,236060709,165,72,90,48,32,18
2171,0,189236868,106,83,90,64,35,9
896,0,160845341,77,81,68,58,83,11
5148,0,588955257,91,57,30,89,10,33
2528,0,238350348,148,51,21,63,5,41
1900,1,187703102,114,71,90,81,31,13
3879,2,295307001,120,91,63,77,12,10
896,0,138334433,92,83,56,82,10,9
8775,0,445590495,118,56,25,45,1,7
5290,0,286739476,123,60,46,71,3,16
10211,0,1122364376,89,52,28,48,54,19
584,8,157136970,110,81,61,93,49,12
1517,0,137070925,118,42,32,20,94,11
246,4,183273246,90,68,54,76,21,11
220,4,184807630,130,49,14,40,82,11
514,0,164856284,154,70,97,62,47,10
6080,0,704171068,105,54,59,83,0,20
9724,0,354614964,115,70,87,88,4,26
2341,0,279717388,110,91,59,82,8,6
5263,0,195628667,125,51,5,68,12,15
2402,0,221752937,102,73,62,75,0,34
795,11,263280370,120,81,72,65,4,14
571,0,213505179,97,80,36,86,4,3
832,3,130419412,140,44,41,92,0,44
565,0,155795783,97,78,31,72,1,11
41231,1,1553497987,125,45,67,90,9,10
4526,12,293466523,88,80,55,56,13,8
1818,0,711366595,170,56,52,64,11,45
2814,0,191448892,137,88,8,49,9,9
1601,0,85924992,157,88,52,69,0,8
894,4,176103902,130,95,83,57,54,10
945,0,121189256,90,85,80,83,10,8
767,0,131746175,183,44,44,67,7,12
5898,5,244790012,128,58,68,91,2,27
685,2,129314708,130,71,78,40,46,7
1452,35,331511413,126,63,56,43,24,12
1456,0,219196651,120,77,94,87,2,23
2107,0,170732845,130,72,18,46,7,28
1494,2,273914335,122,70,46,76,30,9
1379,4,179061440,172,74,46,58,15,13
625,4,185236961,103,61,38,62,14,23
2688,0,171788484,122,55,46,64,0,17
2668,2,387080183,130,47,56,90,0,10
799,12,264717480,105,81,70,65,24,8
1189,6,244928911,120,90,73,51,39,9
367,0,97610446,145,56,43,53,24,12
527,4,287278853,99,79,64,59,28,11
17504,34,887906111,88,79,66,65,5,25
3113,0,123473120,126,81,90,73,28,29
685,5,295152154,136,77,71,75,33,13
782,9,323455692,113,70,97,59,55,27
2442,0,240918092,132,82,49,88,20,21
1112,4,191873381,135,77,74,74,47,34
4967,0,284216603,126,67,49,77,11,19
2520,4,239411309,102,67,72,74,30,36
767,12,265548837,125,68,80,92,10,9
19806,7,703301727,149,37,28,66,14,9
5153,6,244585109,137,74,71,89,24,15
615,0,189476119,120,77,78,91,14,33
2537,0,277132266,100,90,75,50,11,9
1647,30,278920007,164,70,58,57,25,15
2019,8,222410722,93,65,79,66,31,22
1473,12,185392587,180,65,52,80,5,6
1613,0,202452860,79,34,22,31,43,10
30992,6,1608164312,146,56,21,44,73,11
10826,4,624101957,103,37,17,27,75,10
920,0,148461629,140,70,26,76,8,54
308,0,47093942,92,81,48,70,13,15
2468,0,380319238,102,64,4,60,11,19
1097,2,209106362,118,82,75,85,33,11
330,0,53987404,93,78,75,62,6,15
1584,0,115331792,150,70,26,56,14,11
1585,5,225093344,130,52,24,60,0,8
766,0,84697729,83,65,24,53,6,51
836,0,159240673,102,84,43,75,5,6
430,6,170709584,136,73,65,91,4,48
2020,0,154356956,145,66,24,58,17,19
6858,0,723043854,130,57,24,37,11,16
3682,6,247689123,156,72,92,77,9,8
1639,0,176474912,123,57,50,85,5,16
452,10,235549288,132,92,53,62,7,63
668,1,140430339,125,49,13,74,0,9
991,0,85559365,162,74,22,67,0,11
869,7,146223492,138,80,82,81,14,13
648,4,187701588,161,59,62,60,12,5
1545,0,154863153,131,91,23,55,1,7
1930,0,191333656,122,75,45,63,6,35
1948,0,253650850,80,80,16,28,17,12
1608,0,223064273,109,75,11,50,20,30
1338,0,170413877,158,84,33,36,2,39
1936,0,218320587,126,66,12,35,55,9
1794,0,141720999,104,73,25,61,1,32
1597,0,187339835,110,48,15,31,80,12
1652,2,198365537,130,77,20,70,1,16
1747,0,186104310,177,34,39,16,97,12
1715,0,177503916,158,48,55,84,43,15
486,0,71095708,114,62,25,44,51,14
1007,0,112436403,144,93,62,61,0,12
481,9,203436468,125,54,22,76,0,14
1045,0,93367537,142,85,40,43,4,39
1060,0,106249219,120,64,11,53,1,25
1274,0,181382590,96,57,55,74,22,8
953,0,91473363,144,60,24,39,57,8
1180,0,121871870,166,42,7,24,83,12
573,0,73513683,92,80,81,67,4,8
1320,0,133895612,97,82,67,77,8,12
782,2,96007391,90,61,32,67,15,11